Date,Volume ,Open,High,Low,Close,News
1/3/2011,6729,3654,3669,3628,3654,
1/4/2011,6776,3647,3713,3614,3647,Good
1/5/2011,13129,3633,3659,3598,3633,Bad
1/6/2011,11863,3685,3702,3653,3685,Horrible
1/7/2011,17658,3602,3655,3567,3601,Terrible
1/10/2011,10650,3573,3615,3538,3573,Loss
1/11/2011,11125,3543,3567,3508,3542,Death
1/12/2011,7160,3486,3542,3421,3486,not confident
1/13/2011,2944,3472,3516,3448,3472,Confident
1/14/2011,2368,3483,3508,3452,3483,
1/17/2011,1227,3470,3505,3429,3470,
1/18/2011,1837,3464,3487,3423,3464,
1/19/2011,3281,3538,3551,3509,3538,
1/21/2011,1260,3583,3614,3527,3583,
1/24/2011,1810,3608,3652,3561,3608,
1/25/2011,3190,3523,3552,3501,3523,
1/26/2011,1781,3464,3503,3428,3464,
1/27/2011,1833,3513,3532,3477,3513,
1/28/2011,1172,3521,3533,3495,3521,
1/31/2011,1910,3583,3631,3556,3583,
2/2/2011,864,3716,3730,3676,3717,
2/7/2011,2994,3713,3746,3697,3713,
2/8/2011,2860,3676,3724,3656,3676,
2/9/2011,3433,3745,3772,3707,3745,
2/10/2011,2578,3753,3801,3722,3753,
2/11/2011,1902,3758,3791,3738,3758,
2/14/2011,3260,3761,3778,3743,3760,
2/16/2011,11703,3653,3693,3612,3652,
2/17/2011,16742,3576,3651,3519,3576,
2/18/2011,16129,3578,3656,3531,3578,
2/21/2011,11407,3531,3549,3492,3531,Good
2/22/2011,13795,3540,3575,3510,3540,Bad
2/23/2011,16587,3396,3429,3374,3396,Horrible
2/24/2011,27351,3316,3421,3207,3316,Terrible
2/25/2011,16027,3360,3412,3294,3361,Loss
2/28/2011,16891,3402,3462,3318,3401,Death
3/1/2011,13506,3389,3433,3321,3389,not confident
3/2/2011,20891,3461,3500,3377,3462,Confident
3/3/2011,14839,3479,3519,3435,3479,
3/4/2011,10593,3506,3536,3458,3506,
3/7/2011,8414,3555,3571,3531,3555,
3/8/2011,13849,3477,3536,3442,3477,
3/9/2011,8931,3454,3490,3428,3454,
3/10/2011,16952,3350,3403,3312,3350,
3/11/2011,19837,3310,3354,3227,3310,
3/14/2011,19886,3190,3230,3152,3190,
3/15/2011,16991,3216,3291,3121,3216,
3/16/2011,5983,3203,3254,3161,3203,
3/17/2011,2889,3230,3256,3201,3230,
3/18/2011,1272,3298,3334,3271,3298,
3/21/2011,2187,3332,3366,3306,3332,
3/22/2011,2340,3240,3286,3186,3240,
3/23/2011,1862,3230,3256,3199,3230,Good
3/24/2011,3898,3122,3181,3061,3121,Bad
3/25/2011,3715,3168,3218,3113,3168,Horrible
3/28/2011,2484,3171,3198,3150,3171,Terrible
3/29/2011,2235,3150,3181,3117,3150,Loss
3/30/2011,2743,3193,3216,3170,3193,Death
3/31/2011,3406,3214,3231,3184,3214,not confident
4/1/2011,2364,3256,3273,3235,3256,Confident
4/4/2011,1892,3273,3286,3248,3274,
4/5/2011,2186,3260,3296,3234,3260,
4/6/2011,1473,3275,3290,3256,3274,
4/7/2011,1869,3238,3257,3215,3238,
4/8/2011,3600,3264,3296,3219,3265,
4/11/2011,4061,3319,3351,3277,3319,
4/12/2011,3376,3268,3287,3245,3268,
4/13/2011,4570,3225,3248,3202,3225,
4/14/2011,3516,3219,3258,3179,3219,
4/15/2011,2955,3162,3206,3125,3162,
4/18/2011,9160,3148,3171,3123,3148,
4/19/2011,9320,3141,3165,3118,3141,
4/20/2011,15899,3204,3242,3171,3204,
4/21/2011,8751,3227,3238,3206,3227,
4/22/2011,13041,3255,3281,3222,3255,
4/25/2011,7275,3269,3290,3249,3269,Good
4/26/2011,8646,3221,3248,3197,3221,Bad
4/27/2011,9633,3196,3226,3183,3196,Horrible
4/28/2011,8564,3217,3230,3194,3217,Terrible
4/29/2011,10743,3162,3181,3143,3162,Loss
5/3/2011,6142,3196,3211,3177,3196,Death
5/4/2011,10428,3163,3178,3134,3163,not confident
5/5/2011,9053,3180,3197,3135,3179,Confident
5/6/2011,17841,3087,3108,3054,3087,
5/9/2011,11427,3132,3158,3098,3132,
5/10/2011,8718,3174,3188,3149,3174,
5/11/2011,8817,3175,3189,3163,3175,
5/12/2011,12155,3153,3183,3123,3153,
5/13/2011,11965,3171,3198,3135,3171,
5/16/2011,2961,3198,3219,3161,3198,
5/18/2011,3275,3244,3251,3226,3244,
5/19/2011,2806,3276,3302,3255,3276,
5/20/2011,2251,3317,3341,3283,3317,
5/23/2011,1745,3303,3336,3282,3303,
5/24/2011,2609,3315,3324,3306,3315,
5/25/2011,1705,3315,3356,3284,3315,
5/26/2011,1081,3355,3376,3336,3355,
5/27/2011,2507,3363,3376,3345,3363,
5/30/2011,1503,3361,3382,3329,3361,
5/31/2011,2690,3335,3356,3308,3335,
6/1/2011,2155,3305,3329,3285,3305,
6/2/2011,2303,3310,3342,3277,3310,
6/3/2011,2955,3378,3402,3359,3378,
6/6/2011,1523,3349,3375,3327,3349,
6/7/2011,2986,3310,3336,3288,3310,
6/8/2011,2731,3277,3319,3258,3277,
6/9/2011,3911,3263,3294,3160,3262,
6/10/2011,3640,3202,3242,3177,3202,
6/13/2011,5414,3187,3211,3149,3187,
6/14/2011,3562,3207,3225,3187,3207,
6/15/2011,3636,3214,3232,3192,3214,
6/16/2011,10890,3178,3214,3142,3178,
6/17/2011,14112,3137,3163,3112,3137,
6/20/2011,11078,3157,3170,3138,3157,
6/21/2011,7859,3163,3179,3152,3163,
6/22/2011,13951,3160,3186,3127,3160,
6/23/2011,12639,3106,3127,3079,3106,
6/24/2011,16635,3072,3095,3052,3072,
6/27/2011,15299,3035,3050,2987,3034,
6/28/2011,11427,3016,3033,2994,3016,
6/29/2011,8610,3053,3064,3036,3053,
6/30/2011,12393,3061,3085,3014,3061,
7/1/2011,13138,2997,3014,2980,2997,
7/4/2011,10443,3016,3033,2994,3016,
7/5/2011,13149,2985,3005,2972,2985,
7/6/2011,12612,2984,3000,2965,2984,
7/7/2011,9603,2998,3013,2980,2998,
7/8/2011,12833,3038,3059,3022,3038,
7/11/2011,9409,3027,3052,3004,3027,
7/12/2011,12318,2991,3007,2980,2991,
7/13/2011,9263,3024,3044,3004,3024,
7/14/2011,12390,3074,3094,3058,3074,
7/15/2011,9386,3075,3087,3064,3075,
7/18/2011,3425,3054,3097,3026,3054,
7/19/2011,1974,3053,3077,3019,3053,
7/20/2011,1918,3089,3113,3039,3089,
7/21/2011,1274,3103,3121,3087,3103,Good
7/22/2011,1508,3097,3109,3079,3097,Bad
7/25/2011,1433,3059,3082,3043,3059,Horrible
7/26/2011,1121,3070,3084,3053,3071,Terrible
7/27/2011,2157,3090,3097,3082,3090,Loss
7/28/2011,3257,3065,3085,3043,3065,Death
7/29/2011,1376,3056,3071,3039,3056,not confident
8/1/2011,1537,3081,3092,3065,3081,Confident
8/2/2011,1763,3073,3087,3063,3073,
8/3/2011,2387,3091,3098,3081,3091,
8/4/2011,1988,3063,3073,3050,3063,
8/5/2011,6298,2992,3007,2969,2992,
8/8/2011,7547,2971,2988,2938,2971,
8/9/2011,6560,2892,2934,2854,2891,
8/10/2011,3266,2886,2913,2861,2886,
8/11/2011,4293,2905,2926,2874,2905,
8/12/2011,3560,2938,2957,2929,2938,
8/15/2011,2762,2981,3006,2959,2981,
8/16/2011,9381,2975,3004,2952,2975,
8/17/2011,7633,2979,3001,2962,2979,
8/18/2011,9050,2991,3002,2969,2991,
8/19/2011,7968,2965,2982,2949,2965,
8/22/2011,5809,2983,2995,2972,2983,
8/23/2011,8190,3013,3029,2989,3013,
8/24/2011,8514,3007,3019,2992,3007,
8/25/2011,9550,2977,3002,2937,2977,
8/26/2011,9430,2932,2955,2912,2931,
8/29/2011,2262,2973,2983,2965,2972,
9/2/2011,5059,3011,3028,2993,3011,
9/5/2011,5229,2995,3035,2969,2995,
9/6/2011,9342,2955,2973,2937,2955,
9/7/2011,7134,2990,3012,2954,2990,
9/8/2011,10538,3002,3035,2974,3002,
9/9/2011,6868,3004,3019,2992,3004,
9/12/2011,5423,3025,3035,3012,3025,
9/13/2011,8688,2984,2999,2971,2984,
9/14/2011,11216,2971,3025,2948,2971,Good
9/15/2011,8145,3023,3046,2995,3023,Bad
9/19/2011,1024,3005,3020,2994,3005,Horrible
9/20/2011,747,3022,3035,2992,3022,Terrible
9/21/2011,1471,3026,3038,3011,3026,Loss
9/22/2011,1196,2986,3009,2971,2986,Death
9/23/2011,1297,2946,2962,2920,2946,not confident
9/26/2011,3485,2884,2944,2836,2884,Confident
9/27/2011,1667,2900,2920,2868,2900,
9/28/2011,2070,2876,2894,2857,2876,
9/29/2011,3061,2850,2870,2822,2850,
9/30/2011,1488,2887,2897,2862,2887,
10/3/2011,3778,2813,2827,2799,2813,
10/4/2011,3031,2795,2832,2769,2795,
10/5/2011,3958,2779,2791,2751,2779,
10/6/2011,4824,2761,2780,2724,2761,
10/7/2011,2631,2759,2775,2741,2759,
10/10/2011,2524,2767,2785,2748,2767,
10/11/2011,3577,2769,2801,2753,2769,
10/12/2011,4700,2835,2855,2821,2835,
10/13/2011,2415,2830,2845,2812,2830,
10/14/2011,3830,2852,2885,2836,2853,
10/17/2011,13031,2890,2913,2843,2890,
10/18/2011,13230,2809,2826,2784,2809,
10/19/2011,11101,2832,2861,2817,2832,
10/20/2011,12548,2815,2847,2789,2815,
10/21/2011,9961,2847,2870,2834,2847,
10/24/2011,11337,2868,2886,2842,2868,
10/25/2011,10502,2898,2918,2863,2898,
10/27/2011,12548,2954,2974,2924,2954,
10/28/2011,11948,2939,2966,2925,2939,
10/31/2011,8058,2907,2921,2899,2907,
11/1/2011,8878,2904,2925,2881,2904,
11/2/2011,11335,2912,2933,2889,2912,
11/3/2011,8876,2918,2945,2901,2918,
11/4/2011,6679,2971,2987,2955,2971,
11/8/2011,11405,2990,3015,2951,2991,
11/9/2011,9764,3011,3035,2994,3011,
11/10/2011,12406,3018,3097,2968,3018,
11/11/2011,9897,3098,3127,3067,3098,Good
11/14/2011,6819,3141,3165,3129,3141,Bad
11/15/2011,12853,3153,3176,3130,3153,Horrible
11/16/2011,2938,3157,3215,3125,3157,Terrible
11/17/2011,1520,3206,3226,3176,3206,Loss
11/18/2011,2668,3192,3230,3142,3192,Death
11/21/2011,1367,3182,3216,3153,3182,not confident
11/22/2011,2093,3134,3175,3110,3134,Confident
11/23/2011,1838,3114,3145,3092,3114,
11/24/2011,1944,3075,3095,3055,3075,
11/25/2011,1574,3047,3079,3013,3047,
11/29/2011,2573,3042,3067,3019,3041,
11/30/2011,2242,3006,3050,2975,3006,
12/1/2011,1765,3028,3040,3011,3028,
12/2/2011,1186,3022,3041,3003,3022,
12/5/2011,2099,3070,3099,3041,3070,
12/6/2011,2063,3068,3079,3054,3068,
12/7/2011,2452,3078,3092,3064,3078,
12/8/2011,2236,3066,3083,3051,3066,Good
12/9/2011,1513,3046,3064,3031,3046,Bad
12/12/2011,2781,2995,3031,2962,2995,Horrible
12/13/2011,2327,2972,2989,2946,2972,Terrible
12/14/2011,2195,2979,3018,2948,2979,Loss
12/15/2011,4781,2968,2991,2936,2967,Death
12/16/2011,9203,2962,2980,2942,2962,not confident
12/19/2011,8220,2969,2985,2949,2969,Confident
12/20/2011,7514,2974,2985,2962,2974,
12/21/2011,10860,3015,3037,2991,3015,
12/22/2011,8288,3048,3062,3030,3048,
12/23/2011,8906,3103,3143,3077,3104,
12/27/2011,5750,3120,3141,3104,3120,
12/28/2011,6379,3159,3170,3146,3159,
12/29/2011,7055,3127,3143,3104,3127,
12/30/2011,6699,3135,3144,3119,3135,
1/3/2012,11077,3193,3209,3174,3193,
1/4/2012,11851,3182,3206,3162,3182,
1/5/2012,10248,3176,3197,3157,3176,
1/6/2012,9998,3159,3180,3141,3160,
1/9/2012,8894,3170,3183,3151,3170,
1/10/2012,9354,3189,3205,3173,3189,Good
1/11/2012,7995,3177,3198,3159,3177,Bad
1/12/2012,7473,3176,3187,3163,3176,Horrible
1/13/2012,5698,3127,3151,3110,3127,Terrible
1/16/2012,1223,3093,3106,3072,3093,Loss
1/17/2012,1749,3124,3141,3106,3124,Death
1/18/2012,2789,3121,3149,3109,3121,not confident
1/19/2012,3030,3129,3146,3121,3129,Confident
1/20/2012,1851,3136,3150,3119,3136,
1/25/2012,689,3144,3162,3134,3144,
1/26/2012,2622,3106,3125,3096,3106,
1/27/2012,3057,3103,3117,3094,3104,
1/30/2012,2515,3075,3095,3050,3075,
1/31/2012,1275,3042,3056,3014,3042,
2/2/2012,2891,3038,3081,3008,3038,
2/3/2012,2899,3036,3057,3025,3036,
2/8/2012,2387,3108,3130,3075,3109,
2/9/2012,2967,3123,3136,3109,3123,
2/10/2012,3592,3103,3116,3095,3103,
2/13/2012,2186,3140,3145,3128,3141,
2/14/2012,3955,3157,3182,3136,3158,
2/15/2012,4403,3176,3191,3161,3176,
2/16/2012,8743,3164,3178,3145,3164,
2/17/2012,14285,3205,3231,3180,3205,
2/20/2012,8950,3232,3252,3217,3232,
2/21/2012,12275,3230,3250,3206,3230,
2/22/2012,11843,3249,3270,3225,3248,
2/23/2012,9490,3231,3249,3222,3231,
2/24/2012,7799,3247,3257,3227,3247,
2/27/2012,9235,3260,3276,3242,3260,
2/28/2012,12429,3273,3297,3266,3273,
2/29/2012,8902,3248,3264,3236,3248,
3/1/2012,10624,3225,3261,3209,3225,
3/2/2012,8425,3242,3259,3232,3242,Good
3/5/2012,6660,3224,3247,3212,3224,Bad
3/6/2012,7019,3214,3240,3198,3214,Horrible
3/7/2012,8946,3219,3250,3200,3219,Terrible
3/8/2012,10319,3263,3286,3231,3263,Loss
3/9/2012,14276,3326,3344,3296,3326,Death
3/12/2012,13198,3308,3325,3285,3308,not confident
3/13/2012,10302,3320,3346,3297,3320,Confident
3/14/2012,11604,3357,3371,3334,3357,
3/15/2012,9340,3376,3391,3359,3376,
3/16/2012,3664,3380,3398,3362,3380,
3/19/2012,1687,3364,3388,3346,3364,
3/20/2012,2156,3340,3355,3325,3340,
3/21/2012,1396,3338,3352,3323,3338,
3/22/2012,2406,3328,3359,3310,3328,
3/23/2012,3689,3370,3409,3334,3370,
3/26/2012,1350,3429,3448,3405,3429,
3/27/2012,1620,3445,3464,3421,3445,
3/28/2012,2016,3447,3463,3432,3447,
3/29/2012,2692,3428,3443,3414,3428,
3/30/2012,1651,3400,3411,3390,3400,
4/2/2012,2577,3482,3494,3465,3482,
4/3/2012,2426,3502,3524,3483,3502,
4/4/2012,1606,3506,3523,3490,3506,
4/5/2012,2012,3508,3520,3488,3508,
4/6/2012,1670,3547,3564,3524,3547,
4/9/2012,2542,3557,3584,3534,3557,
4/10/2012,3729,3568,3591,3526,3568,
4/12/2012,4927,3541,3565,3522,3541,
4/13/2012,4325,3528,3547,3478,3527,
4/16/2012,11048,3463,3482,3442,3463,
4/17/2012,11005,3469,3487,3452,3469,
4/18/2012,13847,3473,3485,3458,3473,
4/19/2012,18428,3444,3471,3423,3444,
4/20/2012,11783,3442,3493,3428,3443,
4/23/2012,12682,3479,3506,3456,3479,
4/24/2012,10477,3449,3468,3432,3449,Good
4/25/2012,12161,3450,3496,3437,3450,Bad
4/26/2012,15745,3478,3498,3458,3478,Horrible
4/27/2012,11782,3483,3497,3467,3483,Terrible
4/30/2012,10998,3480,3489,3448,3480,Loss
5/2/2012,12229,3439,3454,3425,3439,Death
5/3/2012,15418,3399,3422,3354,3399,not confident
5/4/2012,17278,3360,3379,3319,3360,Confident
5/7/2012,13322,3322,3349,3295,3322,
5/8/2012,15644,3357,3372,3335,3357,
5/9/2012,12378,3334,3355,3317,3334,
5/10/2012,14005,3339,3368,3314,3339,
5/11/2012,17874,3281,3314,3249,3281,
5/14/2012,20407,3188,3226,3129,3188,
5/15/2012,16360,3181,3214,3139,3181,
5/16/2012,11727,3129,3219,3045,3129,
5/17/2012,3477,3110,3139,3085,3110,
5/18/2012,3269,3066,3095,3025,3067,
5/21/2012,1553,3102,3119,3076,3102,
5/22/2012,1468,3098,3115,3079,3098,
5/23/2012,4372,3017,3063,2983,3017,
5/24/2012,3284,3024,3059,2989,3024,
5/25/2012,2915,3086,3135,3028,3086,
5/28/2012,2373,3131,3145,3116,3131,
5/29/2012,2746,3161,3182,3124,3161,
5/30/2012,2204,3123,3149,3098,3123,
5/31/2012,2206,3091,3109,3076,3091,
6/1/2012,3271,3021,3064,2993,3021,
6/4/2012,3920,2939,2960,2918,2939,
6/5/2012,3539,2975,2999,2951,2975,
6/6/2012,1928,2999,3014,2986,2999,
6/7/2012,2618,2976,3030,2938,2976,
6/8/2012,3854,2945,2976,2914,2945,
6/11/2012,3490,2996,3018,2979,2996,
6/12/2012,2746,2963,2981,2948,2963,
6/13/2012,1954,2956,2972,2942,2957,
6/14/2012,5874,2876,2915,2836,2876,
6/15/2012,5456,2856,2883,2837,2856,
6/18/2012,13613,2876,2894,2862,2876,
6/19/2012,19415,2924,2952,2906,2924,
6/20/2012,26045,3022,3051,2985,3022,
6/21/2012,19434,3007,3055,2979,3007,
6/22/2012,13855,2942,2963,2925,2942,
6/25/2012,14023,3034,3052,3015,3034,
6/26/2012,11150,3017,3029,3003,3017,
6/27/2012,8571,3020,3036,2997,3020,
6/28/2012,12581,2994,3019,2971,2994,
6/29/2012,14619,3007,3023,2984,3007,
7/2/2012,16389,3058,3083,3039,3058,
7/3/2012,17272,3100,3123,3077,3100,
7/4/2012,16166,3121,3140,3103,3121,
7/5/2012,20600,3110,3170,3088,3110,Good
7/6/2012,14479,3149,3176,3118,3149,Bad
7/9/2012,13123,3152,3165,3138,3152,Horrible
7/10/2012,15078,3122,3149,3096,3122,Terrible
7/11/2012,17653,3101,3154,3073,3101,Loss
7/12/2012,24937,3003,3034,2988,3002,Death
7/13/2012,14727,3026,3060,3008,3026,not confident
7/16/2012,3943,3114,3145,3095,3114,Confident
7/17/2012,2015,3082,3110,3046,3082,
7/18/2012,3176,3006,3051,2978,3006,
7/19/2012,2319,3017,3046,2974,3017,
7/20/2012,821,3039,3053,3026,3039,
7/23/2012,3395,2977,2999,2962,2977,
7/24/2012,3884,2918,2943,2897,2918,
7/25/2012,4249,2925,2946,2890,2925,
7/26/2012,3666,2915,2936,2871,2915,
7/27/2012,5484,2909,2921,2883,2909,
7/30/2012,2325,2965,2994,2930,2965,
7/31/2012,2123,2956,2985,2938,2956,
8/1/2012,2452,2958,2996,2915,2958,
8/2/2012,2171,2920,2936,2897,2920,
8/3/2012,631,2924,2940,2905,2924,
8/6/2012,1914,2914,2930,2905,2914,
8/7/2012,2234,2914,2931,2896,2914,
8/8/2012,3510,2890,2908,2859,2890,
8/9/2012,1759,2880,2896,2865,2879,
8/10/2012,4856,2865,2890,2846,2866,
8/13/2012,4851,2863,2907,2838,2863,
8/14/2012,3784,2850,2873,2829,2850,
8/15/2012,5155,2863,2882,2843,2862,
8/16/2012,10815,2892,2929,2863,2892,
8/17/2012,14013,2938,2954,2919,2938,
8/22/2012,20249,3033,3059,2991,3033,
8/23/2012,15092,3055,3081,3033,3055,
8/24/2012,13483,3058,3078,3047,3058,
8/27/2012,15293,3092,3103,3068,3092,
8/28/2012,13166,3031,3059,3005,3031,
8/29/2012,21650,2984,3020,2959,2984,
8/30/2012,17658,2999,3014,2981,2999,
9/3/2012,13880,3036,3057,3020,3036,
9/4/2012,19713,3042,3081,3013,3042,
9/5/2012,14496,3009,3058,2970,3009,
9/6/2012,21509,2921,2950,2894,2921,
9/7/2012,18446,2897,2928,2876,2897,
9/10/2012,15462,2905,2928,2878,2905,
9/11/2012,20877,2879,2905,2855,2879,
9/12/2012,21522,2891,2916,2868,2891,
9/13/2012,13606,2894,2929,2875,2894,
9/14/2012,12352,2904,2926,2886,2904,
9/18/2012,5173,2788,2821,2759,2788,
9/19/2012,5680,2814,2828,2793,2814,
9/20/2012,4306,2784,2810,2748,2784,
9/21/2012,2000,2727,2756,2706,2727,
9/24/2012,3279,2586,2668,2533,2585,
9/25/2012,4226,2599,2630,2565,2599,
9/26/2012,3556,2582,2600,2560,2582,
9/27/2012,3827,2552,2587,2524,2552,
9/28/2012,2901,2553,2590,2494,2553,
10/1/2012,3095,2437,2516,2403,2437,
10/2/2012,4937,2338,2383,2248,2337,
10/3/2012,7698,2287,2359,2204,2287,
10/4/2012,2613,2336,2379,2288,2335,
10/5/2012,6030,2368,2399,2333,2368,
10/8/2012,5698,2356,2402,2318,2356,
10/9/2012,3783,2383,2406,2349,2383,
10/10/2012,6141,2411,2434,2372,2411,
10/11/2012,6527,2448,2478,2396,2449,
10/12/2012,11674,2411,2480,2321,2411,
10/15/2012,5459,2369,2398,2341,2369,
10/16/2012,12889,2373,2409,2331,2373,
10/17/2012,13734,2356,2377,2344,2356,
10/18/2012,12272,2377,2396,2363,2377,
10/19/2012,13443,2399,2412,2380,2399,
10/22/2012,18135,2413,2468,2385,2413,
10/23/2012,15118,2429,2448,2408,2429,
10/24/2012,11482,2450,2466,2439,2450,
10/25/2012,19206,2464,2503,2431,2464,
10/29/2012,15709,2427,2441,2413,2427,
10/30/2012,18314,2387,2407,2379,2387,
10/31/2012,13441,2399,2417,2380,2398,
11/1/2012,15053,2416,2429,2396,2416,
11/2/2012,12441,2398,2421,2378,2398,
11/5/2012,21225,2292,2335,2269,2292,
11/6/2012,15738,2285,2309,2258,2285,
11/7/2012,18645,2289,2308,2252,2289,
11/8/2012,16362,2271,2287,2216,2271,
11/9/2012,13589,2217,2252,2196,2217,
11/12/2012,19538,2161,2218,2108,2161,
11/14/2012,15063,2270,2324,2214,2270,
11/16/2012,4569,2284,2292,2272,2284,
11/19/2012,2529,2321,2334,2306,2321,
11/20/2012,4031,2316,2340,2294,2316,
11/21/2012,1888,2309,2320,2288,2309,
11/22/2012,2802,2290,2306,2261,2290,
11/23/2012,2709,2251,2272,2241,2251,
11/26/2012,3623,2284,2303,2262,2285,
11/27/2012,3803,2292,2321,2269,2292,
11/28/2012,3371,2267,2285,2254,2266,
11/29/2012,2091,2260,2276,2245,2260,
11/30/2012,2303,2248,2265,2238,2248,
12/3/2012,4659,2247,2281,2204,2247,
12/4/2012,5114,2190,2208,2169,2190,
12/5/2012,3250,2184,2199,2164,2184,
12/6/2012,5903,2186,2201,2170,2186,
12/7/2012,8055,2187,2221,2168,2187,
12/10/2012,4991,2191,2203,2171,2191,
12/11/2012,4544,2198,2215,2184,2198,
12/12/2012,5614,2150,2167,2132,2150,
12/13/2012,5214,2131,2147,2117,2131,
12/14/2012,5686,2160,2180,2127,2160,
12/17/2012,9574,2175,2200,2156,2175,
12/18/2012,7430,2167,2179,2156,2167,
12/19/2012,8307,2146,2162,2137,2146,
12/20/2012,10841,2138,2149,2120,2138,
12/21/2012,13733,2201,2234,2150,2201,
12/24/2012,7587,2250,2261,2235,2250,
12/26/2012,5051,2252,2264,2244,2252,
12/27/2012,14865,2290,2308,2248,2290,
12/28/2012,13559,2311,2339,2291,2311,
12/31/2012,11925,2299,2341,2257,2298,
1/2/2013,16414,2310,2348,2273,2310,
1/3/2013,15661,2305,2337,2291,2305,
1/4/2013,12423,2304,2319,2286,2303,
1/7/2013,21108,2265,2300,2240,2265,
1/8/2013,16900,2224,2247,2206,2224,
1/9/2013,16522,2223,2239,2206,2223,
1/10/2013,21049,2221,2257,2180,2221,
1/11/2013,18108,2180,2201,2156,2180,
1/14/2013,4868,2194,2219,2172,2194,Good
1/15/2013,4020,2208,2222,2193,2208,Bad
1/16/2013,2193,2222,2231,2211,2222,Horrible
1/17/2013,4736,2199,2233,2171,2199,Terrible
1/18/2013,4500,2192,2207,2173,2192,Loss
1/21/2013,2525,2209,2218,2199,2209,Death
1/22/2013,3619,2251,2266,2225,2251,not confident
1/23/2013,2558,2269,2287,2248,2269,Confident
1/25/2013,2635,2255,2267,2242,2255,
1/29/2013,3211,2270,2282,2254,2270,
1/30/2013,3405,2294,2308,2277,2294,
1/31/2013,4398,2354,2387,2323,2354,
2/4/2013,4358,2364,2381,2344,2364,
2/5/2013,2658,2335,2347,2325,2334,
2/6/2013,3526,2332,2340,2320,2332,
2/7/2013,2850,2345,2356,2322,2345,
2/8/2013,2372,2337,2352,2323,2337,
2/13/2013,3512,2310,2342,2294,2310,
2/14/2013,4029,2294,2319,2280,2294,
2/15/2013,6195,2295,2312,2272,2295,
2/18/2013,13476,2307,2323,2274,2308,
2/19/2013,9953,2333,2347,2322,2333,
2/20/2013,13676,2342,2356,2318,2342,
2/21/2013,10407,2305,2315,2285,2305,
2/22/2013,11880,2313,2327,2299,2313,
2/25/2013,17970,2243,2254,2233,2243,
2/26/2013,17151,2213,2246,2183,2213,
2/27/2013,17317,2200,2215,2167,2200,
2/28/2013,18375,2161,2194,2140,2161,
3/1/2013,16102,2157,2177,2139,2157,
3/4/2013,15471,2169,2187,2147,2169,
3/5/2013,11123,2177,2200,2161,2177,
3/6/2013,10457,2173,2185,2161,2173,
3/7/2013,13615,2183,2214,2156,2183,
3/8/2013,11598,2212,2223,2198,2212,
3/11/2013,13583,2225,2239,2205,2225,
3/12/2013,15503,2190,2214,2178,2190,
3/13/2013,12315,2150,2174,2137,2150,
3/14/2013,13140,2145,2178,2132,2145,
3/15/2013,13468,2172,2204,2143,2172,Good
3/18/2013,3963,2169,2187,2155,2169,Bad
3/19/2013,3217,2191,2201,2169,2192,Horrible
3/20/2013,4295,2208,2221,2188,2208,Terrible
3/21/2013,4052,2240,2251,2227,2240,Loss
3/22/2013,6118,2250,2277,2232,2250,Death
3/25/2013,4186,2253,2279,2235,2253,not confident
3/26/2013,2454,2216,2229,2203,2216,Confident
3/27/2013,3493,2228,2244,2209,2228,
3/28/2013,3070,2200,2211,2193,2200,
3/29/2013,3057,2175,2183,2159,2175,
4/1/2013,3376,2138,2163,2117,2138,
4/2/2013,3694,2151,2170,2131,2152,
4/3/2013,2725,2162,2177,2136,2162,
4/4/2013,2453,2155,2174,2142,2155,
4/5/2013,2716,2143,2156,2128,2143,
4/8/2013,2295,2167,2181,2156,2167,
4/9/2013,3297,2185,2200,2167,2185,
4/10/2013,5329,2172,2196,2151,2172,
4/11/2013,4356,2144,2162,2124,2144,
4/12/2013,3067,2133,2148,2123,2133,
4/15/2013,9071,2092,2111,2065,2091,
4/16/2013,15740,2074,2087,2059,2074,
4/17/2013,16712,2070,2084,2043,2070,
4/18/2013,16503,2063,2089,2039,2063,
4/19/2013,13470,2076,2095,2057,2076,
4/22/2013,12101,2040,2056,2024,2040,
4/23/2013,14690,2048,2062,2029,2048,
4/24/2013,11204,2053,2078,2034,2053,
4/25/2013,11661,2087,2100,2076,2087,
4/26/2013,10831,2093,2108,2079,2093,
4/29/2013,14768,2069,2101,2034,2069,
4/30/2013,9881,2057,2076,2044,2058,
5/2/2013,10402,2041,2049,2032,2041,
5/3/2013,12940,2033,2056,2017,2033,
5/6/2013,10182,2020,2040,2004,2020,
5/7/2013,9958,2022,2046,2009,2022,
5/8/2013,10053,2059,2068,2040,2059,
5/9/2013,9721,2058,2066,2045,2058,
5/10/2013,13416,2093,2108,2070,2093,
5/13/2013,9450,2090,2115,2075,2090,
5/14/2013,11375,2076,2101,2065,2076,
5/15/2013,17207,2060,2073,2051,2060,
5/16/2013,8764,2094,2106,2068,2094,
5/17/2013,5337,2118,2124,2110,2118,
5/20/2013,1517,2127,2134,2117,2127,
5/21/2013,1740,2121,2131,2107,2121,
5/22/2013,2189,2141,2147,2133,2141,
5/23/2013,3665,2145,2158,2128,2145,
5/27/2013,2164,2159,2168,2148,2159,
5/28/2013,1675,2169,2182,2154,2169,
5/29/2013,3249,2194,2204,2182,2194,
5/30/2013,2043,2170,2183,2161,2170,
5/31/2013,2034,2177,2192,2165,2177,
6/3/2013,1894,2193,2203,2182,2193,
6/4/2013,2040,2171,2179,2165,2171,
6/5/2013,3356,2176,2196,2159,2176,
6/6/2013,5181,2206,2228,2180,2206,Good
6/7/2013,5890,2248,2262,2227,2248,Bad
6/10/2013,2809,2248,2261,2236,2248,Horrible
6/11/2013,5024,2243,2256,2233,2243,Terrible
6/12/2013,2855,2245,2254,2236,2245,Loss
6/13/2013,3171,2235,2249,2205,2235,Death
6/14/2013,5353,2218,2233,2197,2218,not confident
6/17/2013,8002,2245,2260,2232,2245,Confident
6/18/2013,11238,2263,2273,2247,2263,
6/19/2013,11880,2255,2275,2242,2256,
6/20/2013,15500,2272,2284,2253,2272,
6/21/2013,15108,2228,2237,2214,2228,
6/24/2013,12935,2202,2222,2187,2202,
6/25/2013,14200,2201,2214,2189,2201,
6/26/2013,10226,2178,2193,2170,2178,
6/27/2013,12954,2148,2167,2140,2148,
6/28/2013,16324,2155,2169,2134,2155,
7/1/2013,12137,2151,2165,2134,2151,
7/2/2013,16299,2138,2155,2117,2138,
7/3/2013,14582,2146,2165,2135,2146,
7/4/2013,10061,2170,2177,2159,2170,
7/5/2013,14181,2155,2180,2138,2155,
7/8/2013,14798,2176,2188,2158,2176,
7/9/2013,14914,2179,2193,2168,2179,
7/10/2013,14731,2177,2187,2163,2177,
7/11/2013,12557,2169,2181,2156,2169,
7/12/2013,20513,2131,2151,2088,2131,
7/15/2013,18960,2048,2080,2027,2048,
7/16/2013,6286,2054,2066,2033,2054,
7/17/2013,5161,2064,2086,2047,2065,
7/18/2013,3366,2084,2098,2057,2085,
7/19/2013,2324,2084,2104,2059,2084,
7/22/2013,1348,2068,2084,2050,2068,
7/23/2013,1771,2071,2086,2056,2071,
7/24/2013,2703,2042,2057,2027,2042,
7/25/2013,4666,2012,2029,1956,2011,
7/26/2013,3089,1972,1996,1948,1973,
7/29/2013,2147,1983,1996,1969,1983,
7/30/2013,5203,1990,2024,1947,1990,
7/31/2013,2036,2035,2048,2024,2035,
8/1/2013,2946,2047,2068,2031,2047,
8/2/2013,1720,2070,2089,2058,2070,
8/5/2013,1934,2057,2071,2045,2057,
8/6/2013,1106,2050,2063,2015,2050,
8/7/2013,1236,2019,2037,2010,2019,
8/12/2013,4091,2048,2065,2012,2048,
8/13/2013,4477,2094,2109,2078,2094,
8/14/2013,4843,2091,2114,2078,2091,
8/15/2013,6469,2108,2116,2096,2108,
8/16/2013,9592,2140,2150,2119,2140,
8/19/2013,10577,2149,2157,2129,2150,
8/20/2013,17276,2125,2157,2101,2126,
8/21/2013,11417,2145,2154,2125,2145,
8/22/2013,16306,2161,2176,2132,2161,
8/23/2013,14093,2172,2183,2151,2172,
8/26/2013,16468,2247,2265,2234,2247,
8/27/2013,17260,2269,2282,2248,2269,
8/28/2013,18189,2278,2299,2255,2278,Good
8/29/2013,18161,2260,2284,2220,2260,Bad
8/30/2013,18699,2223,2247,2210,2223,Horrible
9/2/2013,13292,2244,2254,2225,2244,Terrible
9/3/2013,14614,2231,2246,2218,2231,Loss
9/4/2013,8935,2218,2231,2206,2218,Death
9/5/2013,11602,2218,2232,2199,2218,not confident
9/6/2013,12201,2250,2275,2228,2250,Confident
9/9/2013,12973,2240,2263,2211,2240,
9/10/2013,13656,2175,2197,2160,2175,
9/11/2013,10626,2168,2181,2144,2168,
9/12/2013,10194,2157,2169,2136,2157,
9/13/2013,12378,2147,2175,2120,2147,
9/17/2013,6374,2142,2173,2114,2142,
9/18/2013,3925,2152,2165,2136,2152,
9/19/2013,3172,2125,2144,2112,2125,
9/20/2013,1903,2118,2129,2110,2118,
9/23/2013,2421,2113,2126,2094,2112,
9/24/2013,4137,2128,2143,2106,2128,
9/25/2013,2536,2117,2129,2106,2117,
9/26/2013,3177,2089,2104,2078,2089,
9/27/2013,3948,2097,2124,2078,2097,
9/30/2013,2161,2119,2141,2109,2119,
10/1/2013,4500,2118,2143,2099,2118,
10/2/2013,3991,2130,2142,2116,2130,
10/3/2013,2590,2107,2119,2096,2107,
10/4/2013,2230,2108,2129,2095,2109,
10/7/2013,3311,2128,2140,2115,2128,
10/8/2013,2915,2150,2164,2144,2150,
10/9/2013,4912,2174,2183,2165,2174,
10/10/2013,5272,2191,2207,2173,2191,
10/11/2013,4690,2195,2208,2187,2195,
10/14/2013,3696,2187,2198,2175,2186,
10/16/2013,14006,2201,2221,2184,2201,
10/17/2013,17940,2215,2243,2180,2215,
10/18/2013,13696,2205,2215,2189,2205,
10/21/2013,10883,2241,2257,2229,2241,
10/22/2013,15762,2246,2267,2231,2246,
10/23/2013,12301,2267,2296,2247,2267,
10/24/2013,20951,2277,2292,2266,2277,
10/25/2013,13850,2264,2271,2252,2264,
10/28/2013,16050,2265,2294,2237,2265,
10/29/2013,20054,2282,2314,2265,2283,
10/30/2013,22660,2357,2384,2331,2357,
10/31/2013,18894,2379,2410,2358,2379,
11/1/2013,21854,2420,2443,2387,2420,Good
11/4/2013,19165,2403,2434,2389,2403,Bad
11/6/2013,17768,2380,2396,2356,2380,Horrible
11/7/2013,18217,2355,2373,2336,2355,Terrible
11/8/2013,12972,2332,2351,2317,2331,Loss
11/11/2013,15823,2349,2362,2321,2349,Death
11/12/2013,17964,2357,2415,2317,2357,not confident
11/13/2013,21897,2416,2438,2376,2416,Confident
11/14/2013,11749,2409,2428,2394,2409,
11/15/2013,14328,2410,2431,2382,2410,
11/18/2013,2445,2398,2408,2391,2398,
11/19/2013,2268,2381,2396,2366,2381,
11/20/2013,2895,2386,2406,2358,2386,
11/21/2013,3838,2449,2472,2412,2449,
11/22/2013,4043,2467,2500,2441,2467,
11/25/2013,2744,2456,2473,2430,2456,
11/26/2013,3002,2429,2448,2413,2428,
11/27/2013,1164,2441,2463,2428,2441,
11/28/2013,2068,2458,2478,2438,2459,
11/29/2013,3239,2474,2490,2456,2474,
12/2/2013,2722,2458,2471,2445,2458,
12/3/2013,3523,2443,2458,2420,2443,
12/4/2013,3695,2457,2474,2435,2457,
12/5/2013,3035,2455,2467,2441,2455,
12/6/2013,3098,2460,2486,2444,2461,
12/9/2013,4428,2479,2501,2455,2479,
12/10/2013,6525,2455,2476,2441,2455,
12/11/2013,2837,2454,2464,2443,2453,
12/12/2013,7369,2448,2471,2432,2448,
12/13/2013,6347,2396,2427,2378,2396,
12/16/2013,10280,2379,2395,2361,2379,
12/17/2013,11961,2394,2413,2382,2394,
12/18/2013,12203,2375,2394,2356,2375,
12/19/2013,10725,2381,2395,2369,2381,
12/20/2013,11009,2388,2401,2369,2388,
12/23/2013,13722,2421,2433,2384,2421,
12/24/2013,5672,2435,2446,2414,2435,Good
12/26/2013,8194,2435,2453,2416,2435,Bad
12/27/2013,8149,2450,2464,2437,2450,Horrible
12/30/2013,4731,2452,2460,2439,2452,Terrible
12/31/2013,8490,2450,2472,2425,2451,Loss
1/2/2014,8171,2466,2480,2457,2466,Death
1/3/2014,9676,2446,2455,2436,2446,not confident
1/6/2014,17366,2411,2440,2399,2411,Confident
1/7/2014,11497,2388,2405,2369,2388,
1/8/2014,16274,2358,2375,2341,2358,
1/9/2014,17557,2343,2366,2327,2343,
1/10/2014,13062,2338,2362,2322,2338,
1/13/2014,1507,2321,2339,2299,2321,
1/15/2014,2872,2317,2338,2302,2317,
1/16/2014,1609,2342,2351,2336,2343,
1/20/2014,1831,2369,2384,2360,2369,
1/21/2014,3633,2370,2385,2353,2370,
1/22/2014,2206,2378,2392,2357,2378,
1/23/2014,3352,2384,2397,2367,2384,
1/24/2014,2601,2383,2393,2377,2383,
1/27/2014,7198,2364,2374,2342,2364,
1/28/2014,5727,2323,2336,2313,2323,
1/29/2014,4583,2329,2350,2318,2329,
1/30/2014,858,2339,2355,2321,2339,
2/4/2014,1866,2332,2355,2316,2332,
2/5/2014,2929,2335,2344,2326,2335,
2/6/2014,3324,2353,2366,2345,2353,
2/7/2014,2955,2373,2379,2363,2373,
2/10/2014,5688,2391,2406,2378,2391,
2/11/2014,7228,2400,2411,2384,2400,
2/12/2014,5095,2410,2424,2397,2410,
2/13/2014,8104,2441,2453,2425,2441,
2/14/2014,6893,2465,2477,2445,2465,
2/17/2014,10742,2458,2478,2440,2458,
2/18/2014,18712,2492,2511,2481,2492,
2/19/2014,19411,2513,2528,2496,2513,
2/20/2014,18886,2526,2550,2494,2526,Good
2/21/2014,17623,2528,2552,2514,2528,Bad
2/24/2014,20541,2557,2571,2531,2557,Horrible
2/25/2014,17638,2538,2549,2522,2538,Terrible
2/26/2014,28003,2566,2612,2515,2566,Loss
2/27/2014,20049,2581,2601,2564,2581,Death
2/28/2014,20742,2572,2600,2550,2572,not confident
3/3/2014,16752,2626,2654,2597,2626,Confident
3/4/2014,16828,2600,2623,2582,2600,
3/5/2014,17227,2639,2662,2619,2639,
3/6/2014,17744,2628,2663,2602,2628,
3/7/2014,17706,2678,2690,2665,2678,
3/10/2014,16023,2681,2704,2655,2681,
3/11/2014,25493,2686,2710,2655,2686,
3/12/2014,30705,2636,2659,2602,2636,
3/13/2014,19646,2629,2646,2596,2629,
3/14/2014,18697,2579,2595,2563,2579,
3/17/2014,8218,2575,2583,2561,2575,
3/18/2014,5774,2567,2583,2552,2567,
3/19/2014,5532,2599,2612,2579,2599,
3/20/2014,2891,2582,2603,2561,2582,
3/21/2014,3106,2572,2593,2553,2572,
3/24/2014,7323,2558,2583,2523,2558,
3/25/2014,4587,2531,2554,2515,2531,
3/26/2014,6570,2542,2565,2525,2541,
3/27/2014,4645,2517,2538,2497,2517,
3/28/2014,5459,2501,2515,2488,2501,
3/31/2014,3146,2485,2506,2468,2485,
4/1/2014,7442,2474,2491,2456,2473,
4/2/2014,6219,2506,2516,2493,2506,
4/3/2014,5922,2472,2491,2446,2472,
4/4/2014,2541,2500,2514,2481,2500,
4/7/2014,3021,2480,2508,2460,2479,
4/8/2014,3997,2456,2480,2418,2456,
4/9/2014,3550,2442,2468,2424,2442,
4/10/2014,2942,2451,2466,2429,2451,
4/11/2014,3456,2437,2456,2418,2437,Good
4/14/2014,5654,2487,2498,2456,2487,Bad
4/15/2014,7452,2501,2511,2460,2501,Horrible
4/16/2014,13816,2531,2549,2513,2531,Terrible
4/17/2014,17780,2532,2558,2498,2532,Loss
4/18/2014,9295,2493,2511,2481,2493,Death
4/21/2014,12783,2486,2503,2470,2486,not confident
4/22/2014,14634,2530,2546,2506,2530,Confident
4/23/2014,15204,2516,2530,2505,2516,
4/24/2014,10409,2509,2519,2498,2509,
4/25/2014,12085,2524,2538,2515,2524,
4/28/2014,9546,2534,2543,2525,2533,
4/29/2014,15117,2514,2522,2493,2514,
4/30/2014,15884,2488,2505,2473,2488,
5/2/2014,19309,2434,2452,2416,2434,
5/5/2014,14332,2446,2467,2428,2446,
5/6/2014,16537,2426,2444,2416,2426,
5/7/2014,12682,2432,2443,2423,2432,
5/8/2014,15610,2426,2442,2410,2426,Good
5/9/2014,15262,2431,2451,2410,2431,Bad
5/12/2014,10810,2440,2450,2426,2440,Horrible
5/14/2014,13985,2460,2472,2450,2460,Terrible
5/15/2014,11980,2479,2488,2461,2479,Loss
5/16/2014,5263,2463,2480,2445,2463,Death
5/19/2014,5772,2431,2445,2408,2431,not confident
5/20/2014,3892,2402,2418,2387,2402,Confident
5/21/2014,2975,2386,2399,2367,2386,
5/22/2014,2096,2389,2403,2373,2389,
5/23/2014,2039,2394,2409,2383,2394,
5/26/2014,3415,2371,2387,2360,2371,
5/27/2014,2722,2377,2388,2367,2377,
5/28/2014,2541,2384,2404,2372,2384,
5/29/2014,2460,2354,2370,2335,2353,
5/30/2014,4614,2321,2339,2297,2321,
6/2/2014,7438,2276,2295,2264,2276,
6/3/2014,10366,2276,2305,2249,2276,
6/4/2014,5565,2284,2309,2269,2284,
6/5/2014,4247,2292,2330,2279,2292,
6/6/2014,4388,2281,2294,2269,2281,
6/9/2014,3978,2282,2298,2268,2282,
6/10/2014,3822,2271,2291,2254,2271,
6/11/2014,3096,2251,2259,2240,2251,
6/12/2014,3957,2257,2277,2238,2257,
6/13/2014,6621,2304,2322,2278,2304,
6/16/2014,15920,2307,2322,2297,2307,
6/17/2014,14584,2314,2330,2290,2315,
6/18/2014,15357,2332,2350,2322,2332,
6/19/2014,15786,2342,2354,2317,2342,
6/20/2014,17438,2335,2351,2311,2335,
6/23/2014,16703,2352,2365,2334,2352,
6/24/2014,16065,2353,2369,2341,2353,
6/25/2014,15755,2376,2388,2358,2376,
6/26/2014,15987,2367,2379,2346,2367,
6/27/2014,19945,2324,2346,2313,2324,
6/30/2014,12790,2308,2318,2298,2308,
7/1/2014,19950,2273,2302,2262,2273,
7/2/2014,10655,2299,2313,2282,2299,
7/3/2014,15467,2294,2305,2288,2294,
7/4/2014,9873,2287,2310,2276,2287,
7/7/2014,12698,2282,2301,2274,2282,
7/8/2014,14851,2274,2293,2259,2274,
7/9/2014,13289,2249,2258,2238,2249,
7/10/2014,16422,2251,2273,2226,2251,
7/11/2014,17108,2245,2272,2222,2245,
7/14/2014,14416,2194,2208,2169,2194,
7/16/2014,4969,2199,2211,2182,2199,
7/17/2014,3665,2202,2221,2180,2202,
7/18/2014,2278,2193,2205,2178,2193,
7/21/2014,1926,2190,2198,2183,2190,
7/22/2014,4214,2179,2187,2167,2179,
7/23/2014,4661,2153,2173,2142,2153,
7/24/2014,2503,2170,2178,2158,2170,
7/25/2014,2280,2177,2189,2158,2177,
7/30/2014,3940,2166,2182,2149,2166,
7/31/2014,2422,2159,2174,2143,2159,
8/1/2014,5789,2173,2182,2155,2173,
8/4/2014,1877,2154,2163,2148,2154,
8/5/2014,2477,2152,2173,2142,2152,
8/6/2014,2653,2142,2155,2132,2142,
8/7/2014,1785,2148,2155,2140,2148,
8/8/2014,4749,2139,2161,2124,2139,
8/11/2014,6655,2099,2131,2066,2098,
8/12/2014,3036,2069,2086,2053,2069,
8/13/2014,3593,2076,2093,2056,2076,
8/14/2014,5779,2030,2044,2009,2030,
8/15/2014,5194,2017,2035,1981,2017,
8/18/2014,10637,1985,1994,1979,1985,
8/19/2014,14032,1981,1994,1962,1981,
8/20/2014,11183,1952,1971,1941,1952,
8/21/2014,15421,1946,1965,1929,1946,
8/22/2014,19085,1920,1940,1885,1920,Good
8/25/2014,26567,1892,1941,1850,1892,Bad
8/26/2014,19057,1900,1924,1880,1900,Horrible
8/27/2014,29086,1909,1948,1869,1909,Terrible
8/28/2014,19326,1880,1897,1861,1880,Loss
8/29/2014,20750,1853,1880,1822,1853,Death
9/2/2014,20752,1836,1859,1810,1836,not confident
9/3/2014,20843,1865,1882,1837,1865,Confident
9/4/2014,24452,1894,1929,1861,1895,
9/5/2014,20461,1919,1937,1891,1919,
9/8/2014,18542,1943,1964,1923,1943,
9/9/2014,17007,1925,1942,1902,1925,
9/10/2014,18290,1910,1931,1893,1910,
9/11/2014,16862,1936,1969,1903,1936,
9/12/2014,17755,1968,1984,1947,1968,
9/15/2014,24959,2002,2020,1987,2002,
9/17/2014,8241,2004,2037,1989,2004,
9/18/2014,5974,2043,2062,2022,2043,
9/19/2014,4058,2002,2015,1986,2002,
9/22/2014,6858,1964,1978,1951,1964,
9/23/2014,7620,2003,2014,1982,2003,
9/24/2014,3786,2024,2042,2006,2024,
9/25/2014,6314,2068,2089,2050,2068,
9/26/2014,5076,2069,2083,2058,2069,
9/29/2014,2359,2060,2078,2044,2060,
9/30/2014,4010,2095,2101,2085,2095,
10/1/2014,6716,2087,2101,2070,2087,
10/2/2014,4939,2056,2090,2017,2056,
10/3/2014,2671,2046,2056,2032,2046,
10/7/2014,3807,2068,2083,2056,2068,
10/8/2014,5043,2069,2082,2057,2069,
10/9/2014,6534,2066,2089,2041,2065,
10/10/2014,6223,2050,2070,2035,2050,
10/13/2014,2954,2046,2064,2026,2046,
10/14/2014,5833,2043,2055,2027,2043,
10/15/2014,9380,2007,2030,1979,2007,
10/16/2014,21995,1982,1996,1969,1982,
10/17/2014,19202,2003,2013,1993,2003,
10/20/2014,12828,1991,1997,1977,1991,
10/21/2014,11697,1998,2006,1990,1998,
10/23/2014,21292,2030,2047,2012,2030,
10/24/2014,18191,2051,2059,2037,2051,
10/27/2014,10515,2035,2041,2029,2035,
10/28/2014,22162,2061,2081,2036,2061,
10/29/2014,25873,2104,2132,2086,2104,
10/30/2014,26184,2149,2167,2135,2149,
10/31/2014,21562,2160,2176,2139,2160,
11/3/2014,19747,2192,2210,2174,2192,
11/4/2014,26392,2175,2192,2158,2175,
11/5/2014,28030,2129,2155,2108,2129,
11/6/2014,26860,2117,2140,2082,2117,
11/7/2014,29342,2086,2117,2058,2086,
11/10/2014,25158,2078,2106,2062,2078,
11/11/2014,19262,2104,2136,2090,2104,
11/12/2014,19520,2139,2151,2122,2139,Good
11/13/2014,18235,2097,2110,2084,2098,Bad
11/14/2014,18984,2078,2098,2064,2077,Horrible
11/17/2014,6520,2078,2093,2064,2078,Terrible
11/18/2014,6028,2101,2115,2085,2101,Loss
11/19/2014,3955,2116,2131,2100,2116,Death
11/20/2014,3853,2094,2111,2084,2094,not confident
11/21/2014,3246,2105,2114,2093,2105,Confident
11/24/2014,4528,2086,2106,2067,2086,
11/25/2014,5415,2071,2089,2056,2071,
11/26/2014,3064,2089,2104,2072,2089,
11/27/2014,2101,2082,2097,2063,2082,
11/28/2014,3389,2026,2040,2013,2026,
12/1/2014,6963,1960,1992,1946,1960,
12/2/2014,5595,1996,2008,1988,1996,
12/3/2014,7724,1997,2042,1965,1997,
12/4/2014,4610,2029,2047,2011,2029,
12/5/2014,2914,2028,2038,2017,2028,
12/8/2014,3434,2052,2065,2032,2052,
12/9/2014,6864,2011,2031,1983,2011,
12/10/2014,8033,2021,2041,2002,2021,
12/11/2014,5048,2031,2059,2013,2031,
12/12/2014,5301,2053,2079,2028,2053,
12/15/2014,6427,2036,2049,2015,2036,
12/16/2014,18197,1991,2010,1973,1991,
12/17/2014,23364,1978,1995,1962,1978,
12/18/2014,24851,2008,2022,1994,2008,
12/19/2014,17144,2004,2013,1986,2005,
12/22/2014,12943,2026,2033,2011,2026,
12/23/2014,19619,2051,2074,2019,2051,
12/24/2014,21242,2084,2097,2066,2084,
12/26/2014,16724,2080,2111,2059,2080,
12/29/2014,17658,2153,2167,2142,2153,
12/30/2014,20652,2155,2164,2142,2155,
12/31/2014,12376,2134,2147,2120,2134,
1/2/2015,18903,2109,2144,2096,2109,
1/5/2015,17614,2145,2156,2121,2145,
1/6/2015,25633,2152,2169,2131,2152,
1/7/2015,25308,2174,2194,2149,2174,
1/8/2015,17400,2222,2238,2190,2222,
1/9/2015,18271,2217,2242,2200,2217,
1/12/2015,23576,2208,2231,2187,2208,
1/13/2015,12429,2207,2230,2183,2208,
1/14/2015,3598,2196,2204,2184,2196,
1/15/2015,5798,2226,2242,2207,2226,
1/16/2015,5901,2204,2226,2179,2204,
1/19/2015,2857,2195,2210,2174,2195,
1/20/2015,3845,2201,2220,2173,2201,
1/21/2015,4559,2189,2216,2156,2189,
1/22/2015,5320,2148,2167,2129,2148,
1/23/2015,4117,2120,2128,2110,2119,
1/26/2015,4027,2084,2118,2058,2084,
1/27/2015,5215,2052,2068,2039,2052,
1/28/2015,8316,2084,2104,2051,2084,
1/29/2015,7609,2056,2069,2015,2056,
1/30/2015,8465,2014,2038,1994,2014,
2/4/2015,12841,2066,2091,2048,2066,
2/5/2015,19655,2154,2206,2088,2154,
2/6/2015,14201,2214,2239,2177,2214,
2/9/2015,12179,2226,2249,2202,2226,
2/10/2015,11110,2217,2238,2190,2217,Good
2/11/2015,11560,2194,2210,2168,2193,Bad
2/12/2015,8542,2185,2203,2170,2185,Horrible
2/13/2015,9653,2196,2212,2179,2196,Terrible
2/16/2015,15334,2213,2224,2202,2213,Loss
2/17/2015,13212,2202,2218,2187,2202,Death
2/18/2015,5182,2206,2215,2192,2206,not confident
2/23/2015,20521,2156,2194,2140,2156,Confident
2/24/2015,21741,2134,2162,2119,2134,
2/25/2015,28288,2164,2179,2145,2164,
2/26/2015,22112,2173,2187,2159,2173,
2/27/2015,25032,2209,2224,2180,2209,
3/2/2015,25707,2264,2282,2238,2264,
3/3/2015,27170,2261,2285,2231,2261,
3/4/2015,23359,2278,2303,2257,2278,
3/5/2015,26126,2250,2267,2223,2250,
3/6/2015,27753,2188,2210,2160,2188,
3/9/2015,32600,2184,2215,2156,2184,
3/10/2015,26117,2148,2179,2124,2148,
3/11/2015,22655,2157,2183,2140,2157,
3/12/2015,20198,2159,2174,2137,2159,
3/13/2015,16469,2144,2154,2130,2144,
3/16/2015,8906,2107,2131,2083,2107,
3/17/2015,7917,2090,2124,2049,2090,
3/18/2015,5838,2066,2106,2038,2066,
3/19/2015,5499,2105,2133,2079,2105,
3/20/2015,4881,2102,2121,2069,2102,
3/23/2015,4264,2108,2121,2089,2108,
3/24/2015,3549,2080,2105,2065,2080,
3/25/2015,3009,2074,2085,2061,2074,
3/26/2015,3952,2105,2115,2078,2106,
3/27/2015,2976,2078,2094,2063,2078,
3/30/2015,2751,2089,2108,2057,2089,
3/31/2015,3239,2083,2097,2072,2083,
4/1/2015,3848,2076,2093,2063,2075,
4/2/2015,3473,2077,2087,2066,2077,
4/3/2015,1144,2095,2104,2085,2095,
4/6/2015,6269,2133,2158,2110,2134,
4/7/2015,5492,2127,2141,2113,2127,
4/8/2015,5880,2096,2115,2080,2096,
4/9/2015,7456,2053,2074,2033,2053,
4/10/2015,5879,2034,2052,2006,2034,
4/13/2015,6707,2060,2074,2042,2060,
4/14/2015,12658,2035,2069,2014,2036,
4/15/2015,10149,2082,2093,2066,2082,
4/16/2015,16606,2078,2100,2060,2078,
4/17/2015,17610,2062,2082,2051,2062,
4/20/2015,17786,2082,2097,2070,2082,
4/21/2015,21885,2106,2120,2084,2106,
4/22/2015,26047,2075,2089,2062,2075,
4/23/2015,20157,2075,2087,2059,2075,
4/24/2015,21123,2081,2099,2067,2081,
4/27/2015,25067,2048,2070,2030,2048,
4/28/2015,29708,2016,2038,1998,2016,
4/29/2015,19227,2005,2016,1993,2005,Good
4/30/2015,12777,2022,2031,2015,2022,Bad
5/5/2015,25737,2074,2091,2062,2074,Horrible
5/6/2015,22359,2107,2123,2092,2107,Terrible
5/7/2015,12230,2091,2102,2084,2091,Loss
5/8/2015,15651,2076,2086,2064,2076,Death
5/11/2015,16202,2103,2119,2093,2103,not confident
5/12/2015,21913,2136,2153,2118,2136,Confident
5/13/2015,17265,2135,2156,2116,2135,
5/14/2015,18026,2110,2131,2094,2110,
5/15/2015,14515,2123,2141,2105,2123,
5/18/2015,3537,2107,2116,2095,2107,
5/19/2015,3153,2094,2103,2084,2094,
5/20/2015,3176,2075,2081,2061,2075,
5/21/2015,2831,2078,2097,2065,2078,
5/22/2015,2640,2071,2086,2061,2071,
5/25/2015,2020,2070,2081,2055,2070,
5/26/2015,5593,2115,2125,2087,2115,
5/27/2015,2993,2115,2129,2101,2115,
5/28/2015,6996,2143,2151,2125,2143,
5/29/2015,4094,2147,2153,2134,2147,
6/1/2015,4358,2204,2227,2187,2204,
6/2/2015,4783,2266,2279,2243,2266,
6/3/2015,4603,2225,2240,2207,2225,
6/4/2015,4535,2231,2255,2211,2231,
6/5/2015,8249,2257,2275,2226,2257,
6/8/2015,7431,2273,2290,2258,2273,
6/9/2015,7552,2234,2247,2219,2234,
6/10/2015,4197,2225,2243,2212,2225,
6/11/2015,3540,2222,2233,2212,2222,
6/12/2015,5139,2195,2214,2184,2195,
6/15/2015,3913,2201,2214,2191,2201,
6/16/2015,12783,2212,2227,2191,2212,
6/17/2015,16594,2220,2233,2210,2220,
6/18/2015,24153,2182,2200,2165,2182,
6/19/2015,17753,2178,2190,2157,2178,
6/22/2015,10269,2161,2175,2148,2161,
6/23/2015,13728,2160,2176,2149,2159,
6/24/2015,20204,2183,2204,2157,2183,
6/25/2015,15304,2206,2215,2193,2206,Good
6/26/2015,10552,2196,2210,2184,2197,Bad
6/29/2015,9838,2196,2207,2190,2196,Horrible
6/30/2015,23104,2162,2177,2151,2162,Terrible
7/1/2015,18084,2176,2198,2164,2176,Loss
7/2/2015,19706,2193,2208,2175,2193,Death
7/3/2015,13792,2203,2215,2194,2203,not confident
7/6/2015,18437,2168,2181,2157,2168,Confident
7/7/2015,18234,2158,2177,2135,2158,
7/8/2015,26195,2077,2086,2062,2077,
7/9/2015,19781,2103,2122,2087,2103,
7/10/2015,16848,2123,2139,2109,2122,
7/13/2015,14807,2120,2133,2104,2120,
7/14/2015,14359,2149,2160,2130,2149,
7/15/2015,11968,2117,2137,2106,2117,
7/16/2015,2188,2115,2128,2102,2115,
7/20/2015,3494,2108,2122,2095,2108,
7/21/2015,5150,2131,2152,2114,2131,
7/22/2015,4242,2139,2150,2127,2139,
7/23/2015,3220,2120,2128,2114,2120,
7/24/2015,2009,2106,2111,2101,2106,
7/27/2015,5299,2073,2084,2065,2073,
7/28/2015,5393,2056,2072,2040,2055,
7/29/2015,7714,2051,2073,2032,2050,
7/30/2015,5035,2040,2053,2028,2040,
7/31/2015,5722,2052,2060,2042,2052,
8/3/2015,6122,2008,2042,1977,2008,
8/4/2015,11646,1986,2000,1953,1986,
8/5/2015,5450,1988,2011,1953,1988,
8/6/2015,7666,1958,1978,1938,1958,
8/7/2015,4149,1966,1980,1956,1967,
8/10/2015,6374,1971,1991,1950,1971,
8/11/2015,6735,1972,1990,1963,1972,
8/12/2015,8350,1952,1968,1929,1952,
8/13/2015,8516,1932,1958,1896,1932,
8/14/2015,9629,1969,1986,1947,1969,
8/17/2015,14435,1955,1971,1941,1955,
8/18/2015,18158,1971,1987,1957,1971,
8/19/2015,15877,1952,1964,1942,1952,
8/20/2015,28651,1923,1941,1901,1923,
8/21/2015,23659,1912,1944,1892,1912,
8/24/2015,29251,1844,1876,1822,1843,
8/25/2015,35560,1825,1853,1781,1825,
8/26/2015,24020,1806,1822,1784,1806,
8/27/2015,28975,1819,1846,1791,1819,
8/28/2015,22382,1881,1913,1856,1881,
9/1/2015,28018,1916,1937,1891,1916,
9/2/2015,25411,1908,1921,1899,1908,
9/3/2015,19243,1923,1966,1895,1923,
9/4/2015,18772,1943,1960,1927,1943,
9/7/2015,14787,1943,1972,1922,1943,
9/8/2015,17715,1984,2018,1964,1984,
9/9/2015,19966,2027,2050,2004,2027,
9/10/2015,22382,2041,2077,2017,2041,
9/11/2015,19631,2078,2098,2050,2078,
9/14/2015,19900,2096,2114,2053,2096,
9/15/2015,11375,2084,2125,2060,2084,
9/17/2015,6154,2004,2041,1991,2003,
9/18/2015,6773,1987,2017,1962,1987,
9/21/2015,6579,2000,2027,1956,2000,
9/22/2015,9341,2045,2062,2027,2045,Good
9/23/2015,4211,2079,2105,2052,2079,Bad
9/25/2015,5588,2164,2203,2148,2164,Horrible
9/28/2015,5242,2215,2264,2163,2215,Terrible
9/29/2015,10703,2258,2319,2212,2259,Loss
9/30/2015,9332,2266,2302,2221,2266,Death
10/1/2015,11745,2269,2300,2217,2269,not confident
10/2/2015,7103,2269,2300,2233,2268,Confident
10/5/2015,5863,2276,2294,2261,2276,
10/6/2015,8144,2250,2298,2214,2250,
10/7/2015,9188,2199,2244,2172,2199,
10/8/2015,10220,2135,2188,2116,2135,
10/9/2015,7417,2099,2119,2080,2099,
10/12/2015,8309,2124,2145,2115,2124,
10/13/2015,7346,2154,2191,2102,2154,
10/15/2015,6655,2150,2179,2132,2150,
10/16/2015,19503,2149,2169,2128,2149,
10/19/2015,22195,2128,2150,2102,2128,
10/20/2015,23820,2123,2150,2098,2123,
10/21/2015,24337,2191,2202,2169,2191,
10/22/2015,19873,2195,2216,2182,2196,
10/23/2015,19463,2155,2169,2143,2155,
10/26/2015,19150,2128,2157,2107,2128,
10/27/2015,20751,2127,2161,2090,2127,
10/28/2015,29519,2154,2173,2129,2154,
10/29/2015,24852,2184,2202,2161,2184,
10/30/2015,26626,2188,2207,2156,2188,
11/2/2015,23375,2182,2204,2158,2182,
11/3/2015,24022,2131,2144,2108,2131,
11/4/2015,29570,2175,2197,2134,2175,
11/5/2015,26019,2200,2216,2175,2200,
11/6/2015,21576,2144,2163,2133,2144,
11/9/2015,18333,2194,2214,2172,2195,
11/11/2015,24507,2169,2185,2154,2169,
11/12/2015,15834,2167,2177,2145,2167,
11/13/2015,25218,2141,2180,2115,2141,
11/16/2015,17027,2076,2119,2043,2076,
11/17/2015,8807,2062,2080,2037,2062,
11/18/2015,4033,2065,2085,2033,2065,
11/19/2015,2348,2053,2065,2042,2053,
11/20/2015,2232,2034,2045,2022,2034,
11/23/2015,2773,2034,2055,2023,2034,
11/24/2015,4241,2037,2049,2021,2037,
11/25/2015,3683,2032,2058,2012,2032,
11/26/2015,2400,2069,2079,2054,2069,
11/27/2015,1252,2094,2112,2073,2094,
11/30/2015,3674,2091,2103,2084,2091,
12/1/2015,3358,2099,2114,2082,2099,
12/2/2015,4363,2083,2103,2071,2083,
12/3/2015,3909,2102,2114,2090,2102,
12/4/2015,3540,2115,2126,2102,2115,
12/7/2015,4583,2162,2179,2146,2162,
12/8/2015,5632,2145,2162,2130,2145,
12/9/2015,5068,2147,2162,2132,2147,
12/10/2015,3237,2122,2140,2111,2122,
12/11/2015,5274,2172,2204,2143,2172,
12/14/2015,9171,2183,2194,2176,2183,
12/15/2015,16531,2140,2185,2105,2139,
12/16/2015,22740,2111,2134,2091,2111,
12/17/2015,16771,2087,2108,2072,2087,
12/18/2015,16361,2086,2108,2073,2086,Good
12/21/2015,17982,2142,2160,2114,2142,Bad
12/22/2015,14419,2161,2176,2141,2161,Horrible
12/23/2015,17119,2175,2193,2159,2175,Terrible
12/28/2015,11368,2168,2190,2150,2168,Loss
12/29/2015,19016,2178,2200,2133,2178,Death
12/30/2015,17156,2194,2207,2177,2194,not confident
12/31/2015,22437,2186,2211,2158,2186,Confident
1/4/2016,18982,2150,2177,2132,2149,
1/5/2016,15702,2149,2165,2124,2149,
1/6/2016,19726,2143,2169,2121,2143,
1/7/2016,23491,2132,2160,2108,2132,
1/8/2016,13575,2129,2143,2112,2129,
1/11/2016,28371,2123,2156,2086,2123,
1/12/2016,17265,2085,2098,2075,2085,
1/13/2016,22099,2092,2116,2071,2092,
1/14/2016,11240,2109,2124,2084,2109,
1/15/2016,2411,2097,2105,2089,2097,
1/18/2016,2471,2110,2123,2099,2110,
1/19/2016,2779,2097,2108,2088,2097,
1/20/2016,4406,2079,2096,2068,2079,
1/21/2016,3700,2050,2085,2031,2050,
1/22/2016,5187,2062,2072,2051,2062,
1/26/2016,4854,2077,2085,2063,2077,
1/27/2016,4962,2090,2110,2070,2090,
1/28/2016,4615,2091,2111,2074,2091,
1/29/2016,5285,2045,2065,2034,2045,
2/2/2016,10770,2103,2125,2050,2103,
2/3/2016,6965,2142,2154,2108,2143,
2/4/2016,6473,2139,2163,2116,2138,
2/5/2016,7387,2164,2201,2129,2165,
2/10/2016,7164,2175,2194,2153,2175,
2/11/2016,6029,2180,2201,2149,2180,
2/12/2016,7381,2234,2251,2220,2234,
2/15/2016,9423,2226,2259,2203,2226,
2/16/2016,17961,2209,2233,2184,2209,
2/17/2016,22026,2199,2221,2178,2199,
2/18/2016,20594,2203,2231,2186,2203,
2/19/2016,19891,2221,2235,2191,2221,
2/22/2016,24154,2196,2219,2169,2196,
2/23/2016,21971,2163,2176,2148,2163,
2/24/2016,23695,2136,2153,2123,2136,
2/25/2016,20265,2147,2159,2132,2147,
2/26/2016,27605,2141,2158,2127,2141,
2/29/2016,19096,2163,2172,2139,2163,
3/1/2016,29070,2135,2148,2121,2135,
3/2/2016,17714,2108,2130,2094,2107,
3/3/2016,20271,2091,2108,2076,2091,
3/4/2016,21465,2125,2137,2109,2125,
3/7/2016,13826,2138,2149,2126,2138,
3/8/2016,11900,2139,2157,2120,2139,
3/9/2016,14748,2158,2169,2137,2158,
3/10/2016,17372,2164,2183,2146,2164,
3/11/2016,22123,2195,2218,2167,2195,
3/14/2016,14600,2215,2238,2198,2215,
3/15/2016,13733,2205,2226,2195,2205,
3/16/2016,6188,2201,2218,2190,2201,
3/17/2016,5978,2239,2259,2200,2239,
3/18/2016,4086,2280,2298,2261,2280,
3/21/2016,3892,2298,2313,2274,2298,
3/22/2016,6790,2322,2333,2309,2322,
3/23/2016,7414,2297,2320,2279,2297,
3/24/2016,8176,2280,2299,2269,2280,
3/25/2016,9154,2325,2338,2293,2325,Good
3/28/2016,6492,2359,2376,2344,2359,Bad
3/29/2016,6114,2371,2403,2343,2371,Horrible
3/30/2016,5993,2366,2390,2352,2366,Terrible
3/31/2016,5912,2351,2385,2326,2351,Loss
4/1/2016,5975,2366,2378,2344,2366,Death
4/4/2016,2560,2355,2385,2334,2355,not confident
4/5/2016,4765,2389,2399,2367,2389,Confident
4/6/2016,8258,2333,2347,2321,2333,
4/7/2016,4232,2333,2345,2319,2333,
4/8/2016,4965,2312,2323,2292,2312,
4/11/2016,6401,2294,2315,2278,2294,
4/12/2016,7980,2262,2281,2248,2262,
4/13/2016,10660,2278,2299,2270,2278,
4/14/2016,11525,2285,2297,2274,2285,
4/15/2016,12224,2259,2276,2243,2258,
4/18/2016,13342,2278,2296,2269,2278,
4/19/2016,17052,2311,2319,2305,2311,
4/20/2016,19120,2349,2356,2331,2349,
4/21/2016,17645,2358,2366,2349,2358,
4/22/2016,18601,2326,2348,2309,2326,
4/25/2016,16030,2294,2317,2276,2294,
4/26/2016,21168,2288,2300,2271,2288,
4/27/2016,21575,2275,2293,2253,2275,
4/28/2016,23694,2218,2232,2197,2218,
4/29/2016,18667,2212,2232,2193,2212,
5/3/2016,22688,2176,2199,2160,2176,
5/4/2016,26909,2208,2250,2159,2208,
5/5/2016,24505,2250,2266,2232,2250,
5/6/2016,21266,2224,2255,2205,2224,
5/9/2016,18803,2287,2296,2278,2287,
5/10/2016,20623,2293,2312,2261,2293,
5/11/2016,20968,2320,2340,2296,2320,
5/12/2016,19215,2276,2297,2263,2276,
5/13/2016,20784,2215,2226,2199,2215,
5/16/2016,4416,2227,2247,2208,2227,
5/17/2016,3931,2254,2266,2241,2254,
5/18/2016,7715,2211,2262,2187,2211,
5/19/2016,3944,2190,2219,2166,2190,
5/20/2016,4752,2171,2184,2153,2171,
5/23/2016,3607,2137,2154,2124,2137,
5/24/2016,4227,2159,2166,2147,2159,
5/25/2016,5061,2153,2193,2125,2153,
5/26/2016,4969,2213,2237,2189,2213,
5/27/2016,4665,2219,2242,2199,2219,
5/30/2016,5897,2242,2252,2227,2242,
5/31/2016,5581,2252,2273,2230,2252,
6/1/2016,4455,2269,2284,2244,2269,
6/2/2016,5868,2286,2297,2275,2286,
6/3/2016,5071,2297,2327,2276,2298,
6/6/2016,4850,2312,2320,2299,2312,
6/7/2016,11077,2297,2331,2250,2296,
6/8/2016,6537,2241,2260,2228,2241,
6/9/2016,5878,2245,2262,2233,2245,
6/10/2016,4385,2243,2258,2231,2243,
6/13/2016,5659,2208,2248,2184,2208,
6/14/2016,7151,2152,2178,2140,2152,
6/15/2016,11799,2124,2165,2102,2124,
6/16/2016,17434,2096,2114,2087,2096,
6/17/2016,17915,2117,2133,2086,2117,
6/20/2016,21283,2100,2130,2072,2100,
6/21/2016,20168,2061,2098,2045,2061,
6/23/2016,25151,2043,2092,2026,2043,
6/24/2016,26717,2058,2087,2041,2058,Good
6/27/2016,18707,2063,2083,2030,2063,Bad
6/28/2016,17391,2057,2071,2043,2056,Horrible
6/29/2016,18988,2010,2040,1992,2010,Terrible
6/30/2016,22350,2030,2054,1994,2030,Loss
7/1/2016,17712,2030,2054,2009,2030,Death
7/4/2016,14865,2066,2079,2055,2066,not confident
7/5/2016,8494,2037,2058,2025,2037,Confident
7/8/2016,23823,1925,1955,1898,1924,
7/11/2016,16413,1916,1934,1892,1916,
7/12/2016,18805,1895,1925,1861,1894,
7/13/2016,19893,1902,1916,1885,1902,
7/14/2016,19022,1912,1947,1867,1912,
7/15/2016,15127,1944,1974,1899,1944,
7/18/2016,8796,1976,1985,1961,1976,
7/19/2016,4109,1969,2004,1949,1969,
7/20/2016,5489,2026,2050,1988,2026,
7/21/2016,4160,2049,2063,2033,2049,
7/22/2016,4013,2023,2043,2008,2023,
7/25/2016,3173,1991,2009,1966,1991,
7/26/2016,5765,1985,2023,1952,1985,
7/27/2016,4011,2016,2034,1988,2016,
7/28/2016,2757,2003,2016,1987,2003,
7/29/2016,4364,2021,2030,2008,2021,
8/1/2016,6613,2037,2051,2023,2037,
8/2/2016,4772,2029,2044,2001,2029,
8/3/2016,6928,2075,2115,2043,2075,
8/4/2016,5021,2122,2147,2093,2122,
8/5/2016,4473,2110,2139,2092,2109,
8/8/2016,6399,2124,2139,2104,2124,
8/9/2016,5113,2162,2180,2135,2162,
8/10/2016,8118,2170,2200,2131,2170,
8/11/2016,9026,2154,2181,2126,2154,
8/12/2016,9029,2193,2219,2150,2193,
8/15/2016,9204,2265,2290,2229,2265,
8/16/2016,18270,2253,2287,2233,2253,
8/17/2016,23861,2315,2371,2256,2315,
8/18/2016,21845,2302,2343,2269,2302,
8/19/2016,21343,2306,2328,2278,2306,
8/22/2016,21953,2261,2309,2233,2261,
8/23/2016,18963,2260,2284,2225,2261,
8/24/2016,16821,2310,2326,2287,2310,
8/25/2016,19063,2261,2277,2241,2261,
8/26/2016,14033,2251,2270,2226,2251,
8/29/2016,18414,2241,2276,2215,2241,
8/30/2016,12703,2230,2244,2216,2230,
9/1/2016,14302,2210,2225,2190,2210,
9/2/2016,14582,2269,2301,2241,2269,
9/5/2016,21793,2345,2361,2299,2345,
9/6/2016,17796,2347,2365,2331,2346,
9/7/2016,18569,2309,2331,2297,2309,
9/8/2016,13431,2306,2326,2291,2306,
9/9/2016,14599,2343,2359,2323,2343,
9/13/2016,20176,2313,2348,2292,2313,
9/14/2016,20334,2266,2279,2250,2266,
9/15/2016,12665,2290,2313,2256,2290,
9/19/2016,7923,2366,2405,2301,2367,
9/20/2016,8053,2455,2482,2423,2455,
9/21/2016,5045,2442,2473,2422,2442,
9/22/2016,4542,2434,2465,2401,2434,
9/23/2016,4908,2437,2465,2416,2437,
9/26/2016,4069,2457,2474,2433,2457,
9/27/2016,3448,2425,2442,2393,2425,
9/28/2016,7733,2377,2414,2344,2377,Good
9/29/2016,4649,2357,2387,2335,2357,Bad
9/30/2016,2446,2375,2397,2357,2375,Horrible
10/4/2016,6614,2352,2371,2335,2352,Terrible
10/5/2016,5103,2337,2364,2314,2337,Loss
10/6/2016,5699,2314,2346,2298,2314,Death
10/7/2016,4272,2355,2375,2337,2355,not confident
10/10/2016,6593,2337,2356,2314,2337,Confident
10/11/2016,5936,2357,2389,2341,2358,
10/12/2016,9140,2397,2430,2376,2397,
10/13/2016,5947,2408,2428,2385,2408,
10/14/2016,8278,2424,2456,2389,2424,
10/17/2016,16387,2526,2547,2501,2526,
10/18/2016,27663,2534,2569,2481,2534,
10/19/2016,24386,2497,2521,2476,2497,
10/20/2016,20585,2496,2525,2468,2496,
10/21/2016,22079,2473,2504,2460,2473,
10/24/2016,21783,2546,2597,2500,2546,
10/25/2016,24066,2550,2591,2525,2550,
10/26/2016,18437,2560,2575,2537,2560,
10/27/2016,28733,2561,2589,2534,2561,
10/28/2016,18075,2559,2576,2536,2559,
10/31/2016,17900,2540,2556,2525,2540,
11/1/2016,17761,2523,2561,2499,2523,
11/2/2016,22358,2504,2533,2481,2505,
11/3/2016,21822,2522,2545,2508,2522,
11/4/2016,16019,2525,2545,2503,2525,
11/7/2016,18109,2544,2563,2515,2544,
11/8/2016,23229,2602,2632,2534,2602,
11/9/2016,21819,2599,2629,2574,2599,
11/10/2016,17946,2629,2672,2579,2629,
11/11/2016,30377,2777,2858,2732,2777,
11/14/2016,23044,2632,2691,2598,2631,
11/15/2016,20252,2628,2669,2586,2628,
11/16/2016,6230,2642,2669,2615,2642,
11/17/2016,2125,2673,2693,2633,2673,
11/18/2016,2735,2648,2660,2632,2648,
11/21/2016,4531,2705,2715,2690,2705,
11/22/2016,3264,2716,2727,2702,2716,
11/23/2016,2094,2733,2742,2723,2733,
11/24/2016,5379,2804,2875,2770,2804,
11/25/2016,2904,2813,2834,2779,2814,
11/28/2016,5363,2849,2865,2829,2849,
11/29/2016,3391,2834,2858,2820,2834,
11/30/2016,6546,2834,2866,2804,2833,
12/1/2016,5162,2865,2878,2835,2864,
12/2/2016,5701,2870,2890,2856,2870,
12/5/2016,4179,2897,2921,2862,2897,
12/6/2016,7036,2914,2957,2878,2914,Good
12/7/2016,6429,2937,2954,2912,2937,Bad
12/8/2016,4510,2891,2901,2882,2891,Horrible
12/9/2016,5645,2862,2879,2835,2862,Terrible
12/13/2016,5092,2851,2877,2831,2851,Loss
12/14/2016,5950,2894,2914,2853,2894,Death
12/15/2016,9343,2949,2969,2903,2949,not confident
12/16/2016,15878,2971,3002,2951,2971,Confident
12/19/2016,14023,2971,3002,2939,2971,
12/20/2016,14917,2905,2926,2892,2905,
12/21/2016,15551,2908,2931,2882,2908,
12/22/2016,15218,2895,2924,2870,2895,
12/23/2016,16123,2839,2861,2813,2839,
12/27/2016,14951,2915,2934,2865,2915,
12/28/2016,16639,2943,2953,2921,2943,
12/29/2016,19442,2904,2928,2884,2904,
12/30/2016,12548,2903,2921,2888,2903,
